{"cameraMode":{"drawMode":0,"name":"Shaded","section":"Shading Mode"},"sceneLighting":true,"audioPlay":false,"sceneViewState":{"showFog":true,"showMaterialUpdate":false,"showSkybox":true,"showFlares":true,"showImageEffects":true,"showParticleSystems":true},"in2DMode":false,"pivot":{"x":-0.06310447305440903,"y":1.052085518836975,"z":-9.955604553222657},"rotation":{"x":0.26308053731918337,"y":-0.48780229687690737,"z":0.1587289422750473,"w":0.8182322382926941},"size":936.4424438476563,"orthographic":true}