{"cameraMode":{"drawMode":0,"name":"Shaded","section":"Shading Mode"},"sceneLighting":true,"audioPlay":false,"sceneViewState":{"showFog":true,"showMaterialUpdate":false,"showSkybox":true,"showFlares":true,"showImageEffects":true,"showParticleSystems":true},"in2DMode":false,"pivot":{"x":33.17350387573242,"y":232.17538452148438,"z":12.213224411010743},"rotation":{"x":0.0013337373966351152,"y":0.975152850151062,"z":0.012021221220493317,"w":-0.22698701918125153},"size":2196.589599609375,"orthographic":true}